{"initial_reset_timestamp": 1582372636.949344, "timestamps": [1582372697.525582], "episode_lengths": [1713], "episode_rewards": [21.0], "episode_types": ["t"]}