{"initial_reset_timestamp": 1581533397.4487622, "timestamps": [1581533441.310621], "episode_lengths": [1188], "episode_rewards": [-21.0], "episode_types": ["t"]}