{"initial_reset_timestamp": 1581866525.8332129, "timestamps": [1581866540.7283258], "episode_lengths": [200], "episode_rewards": [200.0], "episode_types": ["t"]}